abez,abez-,amicismart,ankh,atomberg,bafuweiy,bectro,bush,bytbots,cornesty,dehmy,delavala,delta,denler,dhvaj,dorset,dratal,electro,epic,equal,escozor,escozor®,ezviz,fingerprint,fipilock,folohaos,foxgard,geek,ghome,godrej,golens,gordej,gunally,hafele,hands,hanutech,hawkvision,helett,helett®,homemate,honexa,houzmatic,idoor,ifitech,inllex,iplug,ipsa,iuppa,jainson,jal,jenix,kamonk,kenrone,ketumal,l3,lacasa,lancoon,lavna,lockly,lockomatic,mifare,mukhivala,mypin,navkar,okos,ozone,philips,plantex,premvati,pulido,putmax,qubo,rfid,securam,smart,smartcoolous,speedy,sr,the,trendy,tuchware,uniy,uniy®,valencia,veera,vintecch,yale,yunay,yuxana,zkteco
SKU 1: Rank 189,SKU 1: Rank 260,SKU 1: Rank 257,SKU 1: Rank 334,SKU 1: Rank 1,SKU 1: Rank 193,SKU 1: Rank 190,SKU 1: Rank 153,SKU 1: Rank 206,SKU 1: Rank 335,SKU 1: Rank 200,SKU 1: Rank 285,SKU 1: Rank 152,SKU 1: Rank 91,SKU 1: Rank 295,SKU 1: Rank 79,SKU 1: Rank 196,SKU 1: Rank 277,SKU 1: Rank 354,SKU 1: Rank 84,SKU 1: Rank 15,SKU 1: Rank 78,SKU 1: Rank 274,SKU 1: Rank 89,SKU 1: Rank 125,SKU 1: Rank 332,SKU 1: Rank 283,SKU 1: Rank 254,SKU 1: Rank 327,SKU 1: Rank 7,SKU 1: Rank 23,SKU 1: Rank 77,SKU 1: Rank 312,SKU 1: Rank 185,SKU 1: Rank 273,SKU 1: Rank 195,SKU 1: Rank 104,SKU 1: Rank 18,SKU 1: Rank 25,SKU 1: Rank 91,SKU 1: Rank 292,SKU 1: Rank 290,SKU 1: Rank 129,SKU 1: Rank 20,SKU 1: Rank 249,SKU 1: Rank 130,SKU 1: Rank 251,SKU 1: Rank 197,SKU 1: Rank 259,SKU 1: Rank 126,SKU 1: Rank 155,SKU 1: Rank 333,SKU 1: Rank 336,SKU 1: Rank 310,SKU 1: Rank 133,SKU 1: Rank 281,SKU 1: Rank 188,SKU 1: Rank 3,SKU 1: Rank 138,SKU 1: Rank 256,SKU 1: Rank 326,SKU 1: Rank 278,SKU 1: Rank 102,SKU 1: Rank 266,SKU 1: Rank 16,SKU 1: Rank 101,SKU 1: Rank 194,SKU 1: Rank 10,SKU 1: Rank 311,SKU 1: Rank 287,SKU 1: Rank 258,SKU 1: Rank 4,SKU 1: Rank 151,SKU 1: Rank 199,SKU 1: Rank 98,SKU 1: Rank 192,SKU 1: Rank 158,SKU 1: Rank 279,SKU 1: Rank 329,SKU 1: Rank 319,SKU 1: Rank 246,SKU 1: Rank 75,SKU 1: Rank 98,SKU 1: Rank 226,SKU 1: Rank 314,SKU 1: Rank 282,SKU 1: Rank 83,SKU 1: Rank 270,SKU 1: Rank 353,SKU 1: Rank 137
SKU 2: Rank 191,,,,SKU 2: Rank 2,SKU 2: Rank 198,SKU 2: Rank 341,SKU 2: Rank 245,SKU 2: Rank 351,,,,,SKU 2: Rank 103,,SKU 2: Rank 85,SKU 2: Rank 346,,,,,SKU 2: Rank 81,,SKU 2: Rank 291,,,,,SKU 2: Rank 352,SKU 2: Rank 17,SKU 2: Rank 24,,,SKU 2: Rank 337,,SKU 2: Rank 316,SKU 2: Rank 132,,,SKU 2: Rank 140,,,SKU 2: Rank 150,,SKU 2: Rank 288,SKU 2: Rank 252,,SKU 2: Rank 347,,SKU 2: Rank 128,SKU 2: Rank 187,,,,,SKU 2: Rank 284,SKU 2: Rank 339,SKU 2: Rank 5,SKU 2: Rank 148,SKU 2: Rank 315,,,,SKU 2: Rank 309,SKU 2: Rank 136,SKU 2: Rank 140,,,,,,SKU 2: Rank 6,,SKU 2: Rank 349,SKU 2: Rank 147,SKU 2: Rank 343,SKU 2: Rank 193,,,SKU 2: Rank 320,SKU 2: Rank 248,SKU 2: Rank 87,SKU 2: Rank 111,,,,SKU 2: Rank 87,,,SKU 2: Rank 205
SKU 3: Rank 267,,,,SKU 3: Rank 13,SKU 3: Rank 344,,,,,,,,SKU 3: Rank 286,,SKU 3: Rank 90,,,,,,SKU 3: Rank 82,,,,,,,,SKU 3: Rank 21,SKU 3: Rank 26,,,,,SKU 3: Rank 345,,,,SKU 3: Rank 156,,,SKU 3: Rank 265,,,SKU 3: Rank 325,,,,SKU 3: Rank 131,SKU 3: Rank 247,,,,,SKU 3: Rank 317,,SKU 3: Rank 8,SKU 3: Rank 318,,,,,SKU 3: Rank 313,SKU 3: Rank 139,SKU 3: Rank 293,,,,,,SKU 3: Rank 12,,,SKU 3: Rank 271,,SKU 3: Rank 241,,,,SKU 3: Rank 250,SKU 3: Rank 204,SKU 3: Rank 121,,,,SKU 3: Rank 100,,,SKU 3: Rank 350
SKU 4: Rank 340,,,,SKU 4: Rank 113,SKU 4: Rank 348,,,,,,,,,,SKU 4: Rank 99,,,,,,SKU 4: Rank 86,,,,,,,,SKU 4: Rank 22,SKU 4: Rank 29,,,,,,,,,SKU 4: Rank 176,,,SKU 4: Rank 268,,,SKU 4: Rank 331,,,,SKU 4: Rank 255,SKU 4: Rank 308,,,,,SKU 4: Rank 328,,SKU 4: Rank 9,,,,,,,SKU 4: Rank 145,,,,,,,SKU 4: Rank 28,,,SKU 4: Rank 355,,,,,,SKU 4: Rank 289,SKU 4: Rank 220,SKU 4: Rank 122,,,,SKU 4: Rank 157,,,
SKU 5: Rank 342,,,,SKU 5: Rank 115,,,,,,,,,,,SKU 5: Rank 127,,,,,,SKU 5: Rank 89,,,,,,,,SKU 5: Rank 27,SKU 5: Rank 73,,,,,,,,,SKU 5: Rank 188,,,SKU 5: Rank 269,,,,,,,,,,,,,SKU 5: Rank 356,,SKU 5: Rank 11,,,,,,,SKU 5: Rank 186,,,,,,,SKU 5: Rank 76,,,,,,,,,SKU 5: Rank 296,,SKU 5: Rank 134,,,,SKU 5: Rank 225,,,
,,,,SKU 6: Rank 125,,,,,,,,,,,SKU 6: Rank 135,,,,,,SKU 6: Rank 92,,,,,,,,SKU 6: Rank 30,SKU 6: Rank 74,,,,,,,,,SKU 6: Rank 211,,,SKU 6: Rank 275,,,,,,,,,,,,,,,SKU 6: Rank 14,,,,,,,SKU 6: Rank 276,,,,,,,SKU 6: Rank 88,,,,,,,,,SKU 6: Rank 305,,SKU 6: Rank 157,,,,SKU 6: Rank 324,,,
,,,,SKU 7: Rank 137,,,,,,,,,,,,,,,,,SKU 7: Rank 101,,,,,,,,SKU 7: Rank 94,SKU 7: Rank 80,,,,,,,,,SKU 7: Rank 224,,,SKU 7: Rank 280,,,,,,,,,,,,,,,SKU 7: Rank 19,,,,,,,SKU 7: Rank 330,,,,,,,SKU 7: Rank 93,,,,,,,,,SKU 7: Rank 306,,SKU 7: Rank 169,,,,SKU 7: Rank 357,,,
,,,,SKU 8: Rank 142,,,,,,,,,,,,,,,,,SKU 8: Rank 127,,,,,,,,SKU 8: Rank 103,SKU 8: Rank 85,,,,,,,,,,,,,,,,,,,,,,,,,,,SKU 8: Rank 88,,,,,,,SKU 8: Rank 338,,,,,,,SKU 8: Rank 95,,,,,,,,,SKU 8: Rank 307,,SKU 8: Rank 181,,,,,,,
,,,,SKU 9: Rank 159,,,,,,,,,,,,,,,,,SKU 9: Rank 139,,,,,,,,SKU 9: Rank 105,SKU 9: Rank 86,,,,,,,,,,,,,,,,,,,,,,,,,,,SKU 9: Rank 95,,,,,,,,,,,,,,SKU 9: Rank 97,,,,,,,,,,,SKU 9: Rank 194,,,,,,,
,,,,SKU 10: Rank 161,,,,,,,,,,,,,,,,,SKU 10: Rank 175,,,,,,,,SKU 10: Rank 106,SKU 10: Rank 90,,,,,,,,,,,,,,,,,,,,,,,,,,,SKU 10: Rank 105,,,,,,,,,,,,,,SKU 10: Rank 99,,,,,,,,,,,SKU 10: Rank 205,,,,,,,
,,,,SKU 11: Rank 167,,,,,,,,,,,,,,,,,SKU 11: Rank 187,,,,,,,,SKU 11: Rank 107,SKU 11: Rank 92,,,,,,,,,,,,,,,,,,,,,,,,,,,SKU 11: Rank 106,,,,,,,,,,,,,,SKU 11: Rank 104,,,,,,,,,,,SKU 11: Rank 229,,,,,,,
,,,,SKU 12: Rank 173,,,,,,,,,,,,,,,,,SKU 12: Rank 212,,,,,,,,SKU 12: Rank 108,SKU 12: Rank 93,,,,,,,,,,,,,,,,,,,,,,,,,,,SKU 12: Rank 107,,,,,,,,,,,,,,SKU 12: Rank 114,,,,,,,,,,,SKU 12: Rank 243,,,,,,,
,,,,SKU 13: Rank 197,,,,,,,,,,,,,,,,,SKU 13: Rank 272,,,,,,,,SKU 13: Rank 109,SKU 13: Rank 94,,,,,,,,,,,,,,,,,,,,,,,,,,,SKU 13: Rank 129,,,,,,,,,,,,,,SKU 13: Rank 118,,,,,,,,,,,SKU 13: Rank 304,,,,,,,
,,,,SKU 14: Rank 209,,,,,,,,,,,,,,,,,SKU 14: Rank 294,,,,,,,,SKU 14: Rank 112,SKU 14: Rank 96,,,,,,,,,,,,,,,,,,,,,,,,,,,SKU 14: Rank 132,,,,,,,,,,,,,,SKU 14: Rank 123,,,,,,,,,,,,,,,,,,
,,,,SKU 15: Rank 209,,,,,,,,,,,,,,,,,,,,,,,,,SKU 15: Rank 117,SKU 15: Rank 96,,,,,,,,,,,,,,,,,,,,,,,,,,,SKU 15: Rank 142,,,,,,,,,,,,,,SKU 15: Rank 126,,,,,,,,,,,,,,,,,,
,,,,SKU 16: Rank 233,,,,,,,,,,,,,,,,,,,,,,,,,SKU 16: Rank 122,SKU 16: Rank 97,,,,,,,,,,,,,,,,,,,,,,,,,,,SKU 16: Rank 178,,,,,,,,,,,,,,SKU 16: Rank 134,,,,,,,,,,,,,,,,,,
,,,,SKU 17: Rank 234,,,,,,,,,,,,,,,,,,,,,,,,,SKU 17: Rank 130,SKU 17: Rank 100,,,,,,,,,,,,,,,,,,,,,,,,,,,SKU 17: Rank 190,,,,,,,,,,,,,,SKU 17: Rank 135,,,,,,,,,,,,,,,,,,
,,,,SKU 18: Rank 262,,,,,,,,,,,,,,,,,,,,,,,,,SKU 18: Rank 131,SKU 18: Rank 102,,,,,,,,,,,,,,,,,,,,,,,,,,,SKU 18: Rank 202,,,,,,,,,,,,,,SKU 18: Rank 138,,,,,,,,,,,,,,,,,,
,,,,SKU 19: Rank 321,,,,,,,,,,,,,,,,,,,,,,,,,SKU 19: Rank 143,SKU 19: Rank 108,,,,,,,,,,,,,,,,,,,,,,,,,,,SKU 19: Rank 214,,,,,,,,,,,,,,SKU 19: Rank 141,,,,,,,,,,,,,,,,,,
,,,,,,,,,,,,,,,,,,,,,,,,,,,,,SKU 20: Rank 143,SKU 20: Rank 110,,,,,,,,,,,,,,,,,,,,,,,,,,,SKU 20: Rank 240,,,,,,,,,,,,,,SKU 20: Rank 149,,,,,,,,,,,,,,,,,,
,,,,,,,,,,,,,,,,,,,,,,,,,,,,,SKU 21: Rank 144,SKU 21: Rank 116,,,,,,,,,,,,,,,,,,,,,,,,,,,SKU 21: Rank 297,,,,,,,,,,,,,,SKU 21: Rank 160,,,,,,,,,,,,,,,,,,
,,,,,,,,,,,,,,,,,,,,,,,,,,,,,SKU 22: Rank 158,SKU 22: Rank 119,,,,,,,,,,,,,,,,,,,,,,,,,,,SKU 22: Rank 298,,,,,,,,,,,,,,SKU 22: Rank 171,,,,,,,,,,,,,,,,,,
,,,,,,,,,,,,,,,,,,,,,,,,,,,,,SKU 23: Rank 162,SKU 23: Rank 120,,,,,,,,,,,,,,,,,,,,,,,,,,,SKU 23: Rank 358,,,,,,,,,,,,,,SKU 23: Rank 174,,,,,,,,,,,,,,,,,,
,,,,,,,,,,,,,,,,,,,,,,,,,,,,,SKU 24: Rank 163,SKU 24: Rank 121,,,,,,,,,,,,,,,,,,,,,,,,,,,,,,,,,,,,,,,,,SKU 24: Rank 181,,,,,,,,,,,,,,,,,,
,,,,,,,,,,,,,,,,,,,,,,,,,,,,,SKU 25: Rank 165,SKU 25: Rank 123,,,,,,,,,,,,,,,,,,,,,,,,,,,,,,,,,,,,,,,,,SKU 25: Rank 183,,,,,,,,,,,,,,,,,,
,,,,,,,,,,,,,,,,,,,,,,,,,,,,,SKU 26: Rank 166,SKU 26: Rank 124,,,,,,,,,,,,,,,,,,,,,,,,,,,,,,,,,,,,,,,,,SKU 26: Rank 186,,,,,,,,,,,,,,,,,,
,,,,,,,,,,,,,,,,,,,,,,,,,,,,,SKU 27: Rank 179,SKU 27: Rank 124,,,,,,,,,,,,,,,,,,,,,,,,,,,,,,,,,,,,,,,,,SKU 27: Rank 196,,,,,,,,,,,,,,,,,,
,,,,,,,,,,,,,,,,,,,,,,,,,,,,,SKU 28: Rank 180,SKU 28: Rank 128,,,,,,,,,,,,,,,,,,,,,,,,,,,,,,,,,,,,,,,,,SKU 28: Rank 199,,,,,,,,,,,,,,,,,,
,,,,,,,,,,,,,,,,,,,,,,,,,,,,,SKU 29: Rank 183,SKU 29: Rank 133,,,,,,,,,,,,,,,,,,,,,,,,,,,,,,,,,,,,,,,,,SKU 29: Rank 201,,,,,,,,,,,,,,,,,,
,,,,,,,,,,,,,,,,,,,,,,,,,,,,,SKU 30: Rank 184,SKU 30: Rank 136,,,,,,,,,,,,,,,,,,,,,,,,,,,,,,,,,,,,,,,,,SKU 30: Rank 207,,,,,,,,,,,,,,,,,,
,,,,,,,,,,,,,,,,,,,,,,,,,,,,,SKU 31: Rank 191,SKU 31: Rank 141,,,,,,,,,,,,,,,,,,,,,,,,,,,,,,,,,,,,,,,,,SKU 31: Rank 210,,,,,,,,,,,,,,,,,,
,,,,,,,,,,,,,,,,,,,,,,,,,,,,,SKU 32: Rank 192,SKU 32: Rank 144,,,,,,,,,,,,,,,,,,,,,,,,,,,,,,,,,,,,,,,,,SKU 32: Rank 221,,,,,,,,,,,,,,,,,,
,,,,,,,,,,,,,,,,,,,,,,,,,,,,,SKU 33: Rank 200,SKU 33: Rank 146,,,,,,,,,,,,,,,,,,,,,,,,,,,,,,,,,,,,,,,,,SKU 33: Rank 228,,,,,,,,,,,,,,,,,,
,,,,,,,,,,,,,,,,,,,,,,,,,,,,,SKU 34: Rank 202,SKU 34: Rank 154,,,,,,,,,,,,,,,,,,,,,,,,,,,,,,,,,,,,,,,,,SKU 34: Rank 231,,,,,,,,,,,,,,,,,,
,,,,,,,,,,,,,,,,,,,,,,,,,,,,,SKU 35: Rank 203,SKU 35: Rank 159,,,,,,,,,,,,,,,,,,,,,,,,,,,,,,,,,,,,,,,,,SKU 35: Rank 232,,,,,,,,,,,,,,,,,,
,,,,,,,,,,,,,,,,,,,,,,,,,,,,,SKU 36: Rank 204,SKU 36: Rank 160,,,,,,,,,,,,,,,,,,,,,,,,,,,,,,,,,,,,,,,,,SKU 36: Rank 244,,,,,,,,,,,,,,,,,,
,,,,,,,,,,,,,,,,,,,,,,,,,,,,,SKU 37: Rank 207,SKU 37: Rank 164,,,,,,,,,,,,,,,,,,,,,,,,,,,,,,,,,,,,,,,,,SKU 37: Rank 263,,,,,,,,,,,,,,,,,,
,,,,,,,,,,,,,,,,,,,,,,,,,,,,,SKU 38: Rank 210,SKU 38: Rank 168,,,,,,,,,,,,,,,,,,,,,,,,,,,,,,,,,,,,,,,,,SKU 38: Rank 302,,,,,,,,,,,,,,,,,,
,,,,,,,,,,,,,,,,,,,,,,,,,,,,,SKU 39: Rank 215,SKU 39: Rank 170,,,,,,,,,,,,,,,,,,,,,,,,,,,,,,,,,,,,,,,,,,,,,,,,,,,,,,,,,,,
,,,,,,,,,,,,,,,,,,,,,,,,,,,,,SKU 40: Rank 216,SKU 40: Rank 172,,,,,,,,,,,,,,,,,,,,,,,,,,,,,,,,,,,,,,,,,,,,,,,,,,,,,,,,,,,
,,,,,,,,,,,,,,,,,,,,,,,,,,,,,SKU 41: Rank 217,SKU 41: Rank 177,,,,,,,,,,,,,,,,,,,,,,,,,,,,,,,,,,,,,,,,,,,,,,,,,,,,,,,,,,,
,,,,,,,,,,,,,,,,,,,,,,,,,,,,,SKU 42: Rank 219,SKU 42: Rank 182,,,,,,,,,,,,,,,,,,,,,,,,,,,,,,,,,,,,,,,,,,,,,,,,,,,,,,,,,,,
,,,,,,,,,,,,,,,,,,,,,,,,,,,,,SKU 43: Rank 222,SKU 43: Rank 182,,,,,,,,,,,,,,,,,,,,,,,,,,,,,,,,,,,,,,,,,,,,,,,,,,,,,,,,,,,
,,,,,,,,,,,,,,,,,,,,,,,,,,,,,SKU 44: Rank 235,SKU 44: Rank 184,,,,,,,,,,,,,,,,,,,,,,,,,,,,,,,,,,,,,,,,,,,,,,,,,,,,,,,,,,,
,,,,,,,,,,,,,,,,,,,,,,,,,,,,,SKU 45: Rank 239,SKU 45: Rank 185,,,,,,,,,,,,,,,,,,,,,,,,,,,,,,,,,,,,,,,,,,,,,,,,,,,,,,,,,,,
,,,,,,,,,,,,,,,,,,,,,,,,,,,,,SKU 46: Rank 264,SKU 46: Rank 189,,,,,,,,,,,,,,,,,,,,,,,,,,,,,,,,,,,,,,,,,,,,,,,,,,,,,,,,,,,
,,,,,,,,,,,,,,,,,,,,,,,,,,,,,SKU 47: Rank 303,SKU 47: Rank 195,,,,,,,,,,,,,,,,,,,,,,,,,,,,,,,,,,,,,,,,,,,,,,,,,,,,,,,,,,,
,,,,,,,,,,,,,,,,,,,,,,,,,,,,,SKU 48: Rank 322,SKU 48: Rank 198,,,,,,,,,,,,,,,,,,,,,,,,,,,,,,,,,,,,,,,,,,,,,,,,,,,,,,,,,,,
,,,,,,,,,,,,,,,,,,,,,,,,,,,,,SKU 49: Rank 359,SKU 49: Rank 201,,,,,,,,,,,,,,,,,,,,,,,,,,,,,,,,,,,,,,,,,,,,,,,,,,,,,,,,,,,
,,,,,,,,,,,,,,,,,,,,,,,,,,,,,SKU 50: Rank 360,SKU 50: Rank 203,,,,,,,,,,,,,,,,,,,,,,,,,,,,,,,,,,,,,,,,,,,,,,,,,,,,,,,,,,,
,,,,,,,,,,,,,,,,,,,,,,,,,,,,,,SKU 51: Rank 206,,,,,,,,,,,,,,,,,,,,,,,,,,,,,,,,,,,,,,,,,,,,,,,,,,,,,,,,,,,
,,,,,,,,,,,,,,,,,,,,,,,,,,,,,,SKU 52: Rank 208,,,,,,,,,,,,,,,,,,,,,,,,,,,,,,,,,,,,,,,,,,,,,,,,,,,,,,,,,,,
,,,,,,,,,,,,,,,,,,,,,,,,,,,,,,SKU 53: Rank 208,,,,,,,,,,,,,,,,,,,,,,,,,,,,,,,,,,,,,,,,,,,,,,,,,,,,,,,,,,,
,,,,,,,,,,,,,,,,,,,,,,,,,,,,,,SKU 54: Rank 213,,,,,,,,,,,,,,,,,,,,,,,,,,,,,,,,,,,,,,,,,,,,,,,,,,,,,,,,,,,
,,,,,,,,,,,,,,,,,,,,,,,,,,,,,,SKU 55: Rank 218,,,,,,,,,,,,,,,,,,,,,,,,,,,,,,,,,,,,,,,,,,,,,,,,,,,,,,,,,,,
,,,,,,,,,,,,,,,,,,,,,,,,,,,,,,SKU 56: Rank 223,,,,,,,,,,,,,,,,,,,,,,,,,,,,,,,,,,,,,,,,,,,,,,,,,,,,,,,,,,,
,,,,,,,,,,,,,,,,,,,,,,,,,,,,,,SKU 57: Rank 227,,,,,,,,,,,,,,,,,,,,,,,,,,,,,,,,,,,,,,,,,,,,,,,,,,,,,,,,,,,
,,,,,,,,,,,,,,,,,,,,,,,,,,,,,,SKU 58: Rank 230,,,,,,,,,,,,,,,,,,,,,,,,,,,,,,,,,,,,,,,,,,,,,,,,,,,,,,,,,,,
,,,,,,,,,,,,,,,,,,,,,,,,,,,,,,SKU 59: Rank 236,,,,,,,,,,,,,,,,,,,,,,,,,,,,,,,,,,,,,,,,,,,,,,,,,,,,,,,,,,,
,,,,,,,,,,,,,,,,,,,,,,,,,,,,,,SKU 60: Rank 237,,,,,,,,,,,,,,,,,,,,,,,,,,,,,,,,,,,,,,,,,,,,,,,,,,,,,,,,,,,
,,,,,,,,,,,,,,,,,,,,,,,,,,,,,,SKU 61: Rank 238,,,,,,,,,,,,,,,,,,,,,,,,,,,,,,,,,,,,,,,,,,,,,,,,,,,,,,,,,,,
,,,,,,,,,,,,,,,,,,,,,,,,,,,,,,SKU 62: Rank 242,,,,,,,,,,,,,,,,,,,,,,,,,,,,,,,,,,,,,,,,,,,,,,,,,,,,,,,,,,,
,,,,,,,,,,,,,,,,,,,,,,,,,,,,,,SKU 63: Rank 253,,,,,,,,,,,,,,,,,,,,,,,,,,,,,,,,,,,,,,,,,,,,,,,,,,,,,,,,,,,
,,,,,,,,,,,,,,,,,,,,,,,,,,,,,,SKU 64: Rank 261,,,,,,,,,,,,,,,,,,,,,,,,,,,,,,,,,,,,,,,,,,,,,,,,,,,,,,,,,,,
,,,,,,,,,,,,,,,,,,,,,,,,,,,,,,SKU 65: Rank 299,,,,,,,,,,,,,,,,,,,,,,,,,,,,,,,,,,,,,,,,,,,,,,,,,,,,,,,,,,,
,,,,,,,,,,,,,,,,,,,,,,,,,,,,,,SKU 66: Rank 300,,,,,,,,,,,,,,,,,,,,,,,,,,,,,,,,,,,,,,,,,,,,,,,,,,,,,,,,,,,
,,,,,,,,,,,,,,,,,,,,,,,,,,,,,,SKU 67: Rank 301,,,,,,,,,,,,,,,,,,,,,,,,,,,,,,,,,,,,,,,,,,,,,,,,,,,,,,,,,,,
,,,,,,,,,,,,,,,,,,,,,,,,,,,,,,SKU 68: Rank 323,,,,,,,,,,,,,,,,,,,,,,,,,,,,,,,,,,,,,,,,,,,,,,,,,,,,,,,,,,,
